3Dmall,4buy,4sale It,A&B Design RO,A&J TRADE JUSTYNA CIURKOWSKA,A&M Boutique Store,A-Z Store,Abacus Electric,abart pro,ABASIM BUSINESS,Abertech,Abstore,Accessory Line,Ad Comex Duo,ADACONI,Add Telco Mobile,Adm E-sales,ADMIR,ADNA,ADNA FBE,Advice Consulting Team,Agd Creative Shopping,Agoa Services,Agora Global Store,AGP Business Neptun,Aim Deco Concept,AisHa StoRe OnliNe,AJB Home & Garden Store,Albacom Biz,Ale Top Trends,Aleo,Alexer,Alicoral Distribution Impex,Alien Store,All4Low,Alliance Computers,Allsmart4u,Ally2Shop,AloMag,Alphalogic Consulting,Alterro,AMBIENT AROMA NATURAL,AMIPLUS,AMIS ECOMMERCE,Amix Shop Online,AMZA bags,ANA & EDUARD CNS,ANABLUE COMPUTERS SRL,Analuca Prod,ANDOR COM
ANDREX NET,Andromeda Concept,ANDYLUC BESTMAG SRL,Anteake,Antessa,Aosom,ApcGsm,Aplus Stores,Apolodor Online,Approaching Tech FBE,Arašid Spol. S R.O. FBS,Arimat Electronic,Ariscorp,ARKON PROMEDIA,Arllforest,ARREVIAN SRL,Artool,Artur Fengler Ames,AS Computer Craiova,ASKSA Shop,Asp Business Management,ASTRID MEDIA PRODUCTION,Atlantic Mobile,Atlas Corporation,ATS PLAY,Atu IT,ATU IT FBE,AUDIO HOME,Audio-Corner,Auto Business Advertising,autoEVO24,AVANSOFT SRL,AVESDECORRAL,AWA SMART PICTURE,Axa Time Performance,Axacube Trading,Axon Star Serv Com,Azad,Azetshop,B.G.D. Garage,Badabum,Badenis Trading,baglik.cz,Balu,Bamboo Pavilion,Banumi,BARTłOMIEJ GIEFERT,Batna,Beatus Mdc,Beauty revolution II
Bebejucarii | Cervit Online,Bella Shop,Beonya Chs,Berstor Capital,Besten,Biasicom,BiBi Shop,Bibilel,BIFFIDI SRLS,Big Smile,BiggBrands,BIGSHOP,Biladtin,BILKOBG,Blent.BG,BlessLu,Blirowin Company,Bliss Corner,Blitz Micro SRL,Blue Bear,Blue Gifts,Blue Way Experience,Bm Guest Online,BOCANCEA EUGEN INTREPRINDERE INDIVIDUALA,Bomart Company,Bonty Erc,Boomway,Bootic,Bosign AB,Bradma Business,BrandGSM,BRANDPAPER,Brands Fluent,BrandsStore24,BRATCOROM IMPORT-EXPORT,Brave Aeb,BRENET DISTRIBUTION,Brødrene,BSS,BYCOL SERVICES,Cactus Trade,Cadouri Barbati,CALIFORNIA SPEED TRAVEL SRL,Camen Enterprise,CANTON DISTRIBUTION,Cardinal Bags,CARTLINE,CARTLINE FBE,Carturesti,CARTUS PRINT & COPY EXPERT
Celo,CELSIUS,Cesimex,Cesky Raj outdoor sports,Check It Group,Chigoods,CHT SHOP,CityMag,Classvisionshop,CLEANPC,Click Birotica,Clicktech,CLINICAL EXPERT CENTER,Cloud Mobiles,Cloudvision Market,Codrișor Building,COLORMAX,Comando Electric,COMRACE COMPUTERS,Conectica,Conex Electronic,Consaya Era,Contag,Coral Creativ On-line,Corfils,Criante,Cridem Impex,Crisars Best Products,CRISTAL,Crocomag Group,Crypto Spot,Crypto Spot FBE,Csan,CTD,cuBebe,Cubis Shop,Cubrain Design Studio,D'ARTE,Dab Smart Solution,DacEnergy,Dactylion,Daemimag,Daily Buy Store,Dalex Deco Casa,Dalimag Shop,Dalvrabe,Dariuscom Online,Daro Online,Das Shop International,David Print Express
Davionline Shop,Davsgal Redcar,Daybreak_grand,DDE SHOP,DecoNest,DecorCasa,DeiTim,Denis Vision,depozitulcubaterii,DESIGN OUTLET,Designdrops,Detail Trade,Deturex,DEVVERSE BUSINESS,Dexter Computer,Di Ce,Diablos Computer,DIGIEXPERTTI OY,Digimat Store,Digital,Ding Communication,Dipol Connect,Distribution Magi,DISTRICT GSM,Dmh Media Shop,Docarl,Doctor Brandt,DOCTOR PC,Dolby,Doozy Cover,Doty,DP Collection,Dragtek com,DSM ONLINE STORE,Duck Star,DURDOM,Dwyn Shop,E Select Contur,E-Corp,e-IT System Grzegorz Kubica,e-SmartMall,East Com,eBagaje,Ecarla,Echoose,Echychia Trade,Ecomsoul Pro,Econect Store,eCălător,EDAR
Edshop,eFIRE,EGO INTERIORS DESIGN SRL,EKOCERT,Elda Rom Company,Electro Supermax,Electronics Sales,Electrotrend,Elektra Team Deals,Eleqtroniks Haus Group,Elex Ever Trade Hub,ELFAST SRL,Elizabeth Shine Brand Outlet Store,Ella Icon,EMA GLOBO ONE DISTRIBUTION,eMAG,Emasos,EMESZON,En Consulting Start,EnergoDom,Enk JV Homecare,ENK JV HOMECARE FBE,Enron,ERCO,Eris Wellness & Home,Escalate,ESHOP SALES,eshopa,Esimplu,Esm Goods International,Espansivo Online,Esthme,Etico Be Safe,ETOC,Euroelectronics,Euroelectronics_eu,EUROELECTRONICS_EU FBE,Eurostoc,Eurotabros,Evecleaning Service,Eventeam Logistik,Evergame,Evertourist,Everything Nice,evoMAG,evoMart,Excell Bya Trans,EXQUISITE LUXURY TRADING SRL,Extreme,Fabmag Social Media
Facem Orice-Oricum,Family Shop,Fashion-Goods,Fast Line Shop,FELIS 2016,FG Market,Fii mai destept,Filserv Tehnic Consult,FINE ART STREET 14,Fine Selection Ecommerce Group Europe,Fineline Home Design,FINELINE HOME DESIGN FBE,Firma Handlowa GMTO,FIXED,Flaming,Flanco,Fly Store,Flying Lotus,Fonix Gsm,For Print,ForIT,Fortuna Shop,Fotografia Fotorob,FOXMAG24,FRANCHINI GROUP SRL,Freniashop,Fudali Kamil,Fusion Shop,G Glixicom,G-Tech Power System,Gaba Alega Distribution,GadgetWorld,Galopi,Gangnam,GARAMI SHOP,GAVE,GBR TRONICS SRL,Gd Auto Europa,Genius R Mag Phone,Genta,GENUINE EXPRESS A & M,Germag,Ggshop,Gideon,Gift-me,GLOBAL ELECTRONIC SYSTEMS,Global Network,Go Global di Alessi Mattia,Go2shop,Gogou
Golden Mall,Golden Stars Business,GRAAAJ,GRAFICARD,Grawen,Great Giorgio Logistic,Greatop Supplier,Gregoo,Grelys Nail,Group Sale,GSM Arena,Guzu Go,GZK Company Com,H-Port,HandyHands,Happy Electronics Sales,Happy Spring I,HCT TRONIC,HellSmart,Hemper,Herum,Hiegreen,High End Expert,Himalaya,Hipgnosis Vision,Homberry,Home Screen,Home Uzaj Shop,Home-Great,Homelux,HOPPLINE,Hot Price Online,Hrubiraul Transport,HTPMAG,Huaxin Tech,Humanic Industries srl,Hunter,iCare,iCover,iCover FBE,ICRO,ICT TRADE GROUP LTD,Idea Mall,Ideal Homs,Idealis,iDIGITAL,ifuture,Imaginos,Imaginos FBE,iMK
Imperios,Inex Casa,Inf Company,INFO.PLANET DI FAVARO CRISTIANO,InfoTouch Systems,INGENIO AUTO,Innovative Trading Center,Inter-Line Company,Interadmin,isassy,ISCOOT TECHNOLOGY,iStreet RO,IT DIRECT,IT Fashion,IT2GO,iTelMobile,ITGalaxy,ITOOL SERVICE GSM,ITT BULGARIA,J Si R Logical Best Trade,J&j Mart Online,Jacob Today,Jadrel Software and IT Services,JingelMaller,Jovis Online Sales,Joyeux Store,JRing,Jumana Top,Juntuo Store,Jupiter,Just Add,Just Brands,Kdy Tech Supply,Kesnup,Keynesman,Kktoner,Klar Tur,Klausenburg Gadget,KMB KAMIL BAJ,Koka Handelsgesellschaft Mbh,KOLL SMART TRADING,Koopsio Marketplace,Koradior,KORUMA ID Protection,KORUMA ID Protection FBE,Koson Romania,Krasino,Krasscom,Kronstadt Market,Kruz
Kueatily,Kuo-Hwi Chang FBE,L-Line,LABELLO SP. Z O.O.,Lamp Shop,LAPTOP AID,LAPTOP STRONG,LAZAR COMPUTERS,LEADShop,Lera Crafts,Lerato Mobile,Level 444 Online Store,LEVIATAN-POLIGRAFIA SP. Z O.O.,Librarie.Net,LIDER BUSINESS INVEST,LIGHT EBAY TRADE,Lila Rossa,Linogal,LittleDomi,LM-International Europa,Lop Business,LORIMAX 2000 IMPEX,Lotusland,Lou Lou,LRTM,Lulubuy France,Luxury Concepts Retail,Luxury Grand Store,M.A. INDUMENTIS S.R.L,MAC GSM ALL,MadHawk,Madinacris Gadget Online,MaffStuff,Mag pack,MAGAZIN GSM,Magazin Oficial Baseus,Makeson,MAKSUS 1,MALIPEN,MALLBG COM LTD,Malwacool,Mando,Mangusta Gsm,ManiaMall,Mansarda Cu Sunete,Marafeti,Marema,MARIS Store,Mark & More Ideas,Mark Ryden Romania
Market24,Marketall,MARTEL COM,Matmay B.,Matrix It Solutions,Maverick Company,Maverick Freedom Holding,Mbrands Accessories,Meadows Group,Mediason Trade,MEESTER GROUP,Megima Adrian Męczyński,Melanishop,MELAROX,MELZOO,Mentor Marketing & Distribution,Merasport,Merlin Market,Merlin Warehouse,Meteoris Primex,Meto International Import Export,MF&STAN IMPORT S.R.L,Mi Mundo Delight,MicroZece,Midi,MIHANCEA GEORGIANA ANDREEA I.I.,Mika Pro Solution,MIKRO ATLAS,Milnik Store,Mindblower FBE,minmag,Minmar Trading Sales,MinTech,Mir Bagaje Shop,MIR GO SHOP,MIRCIOGU SHOP SRL,Mjzlacky,MKM,Mmax Distribution,Mobe,Mobi Store,Mobilab Creations,Mobile 1,Mobile Mag,Mobile Tech Protection,Mobilepro,Mobino,Modi Home,Modsig,Modulosy
Monmeb Global,Monos Technology B,Morele,MorFansi I,Mptech New Experience,MRD LEATHER,Msd Shop,Mulan,Multishopping,Munirah,Music Center,MVUCA I,MY PC,Nan G. Ionut-Alexandru,NaszeDzieci,Nebunici,NEI,NELBO,NELBO FBE,Neo Gadget,Neotec,Neoxis It,Net Birotica,NET CHIT COMPUTERS,Netinet,NETKLIKK WEB,NETOMAG,NEURONIC TRADE,New Lifestyle,New Tech Trend,New Trade Vision,NEWREVOLUTION,NEXT ONE,NEZ,NICEBAG,NIKA MULTICOMPANY,Nikos Vision,Nikos Vision FBE,NIOVEL ROMANIA,Nizi.mimi Online,NONSTOPSRaCOK,Nortia Sales,Norvis Ilia,NOUMAX,Novatim Expres,NTEC,Oakywood,Objects We Love,octopus inc,OEM - Oferta Epocii Moderne
OEMFashion,OFERTA SERV,OFFICE 1,Office Max,Okarimasu,Oliver L,Omegisza Magdalena Olszewska,One Pepito,Onebuy,Onedeal,Oneid,OnioGift,Onitrade Ltd,Online Sales,Online Sales Invest,Online Shop Intense,ONLINE SHOP SV SRL,Oopss Style,Optim Solution,ORIG-SHOP,Origin and Natural FBE,ORIGINAL DEALS RO,Otto Spa,Outdoorový obchod,Outpost Business,OVM Paper,Ovolt Logistics,OXIGEN,Oxim,Oyh Activ Investments,Oyueer,PACshop,Pairno,Pam Import Export,Panalpina,Paolo Peruzzi,Papeto,Parafasa,Paramount E-commerce,Parasource Concept,PARUNIV,PCDoc,PCfrog,pcmadd,Pcshop Andrei,Pdd Divers&Homecare,PENTAGON 2000,Phone Guard,PHONUS,PIJAMA
Pinguins,Pink Signature,Playsmart,Plus Computer Marketplace,Pm Services Computers,PNI,PolisElectro,Praize Tech,Precious_Lo,PremiumXL,Prim Online Shop,PRIME ADVERTISING,Privatella,PRO DATA INTERNATIONAL,Pro Secure Tech,PRO SPOT RB S.C.,PROFI PIKSEL,PROLIDA LIDIA BUCZEL,PROLINE,Protech Media Business,Provision Design,Quaitly Stores OL,Qualbrand Total,QUASAR COMEX FBE,Radio Mall,RaftOnline,Rdc Electro-It,Real Soft,Recostore,Red Bird,RED Mobile,Redbox Dream,RepairGuru,RESTORE IT,RETAILTRENDS SRL,Reto Mb Pro,Revai Vanzari,RexDigital,RFAN DINAMIC,Rochas International,Roma,Romanian Integrated Technologies And Communication,Rombiz Impex,Roninedge of trust,Rosfix,Rotech Electronics Development,ROYAL ELEKTRONIKS TRADE,Royal Secret FBE,Rud Invest Construct,Runzhida
Rush Trading,Ryadaly,S.C. ORIGINAL MARKET CONCEPT,S.C. STAR BEST ONLINE COMERT,SAD LOGISZTIKAI éS ONLINE MéDIA KFT.,Safe Smart Services,Safemore-Rou I,Saichen I,SAICONCEPT SERVICES,Saishidai,Salut It Solutions,Sascryo,SC ACA TOPDEALS,SC LAPTOPWARE DISTRIBUTION SRL,SC RAPID DELIVERY DEPOT SRL,SC SOFIA ONLINE DEPOT,SDM-Tech,SDX Concept,Selero Shop,Selers,Selgot Company,Selva,Selyon Line,Semeray Retail,Sendenuo,Sesto International,SEVERIN,Severnogroup,SFDSRO,SHAROLT GROUP,Shiny Stone,SHIP & SHOP,SHIPBAY DOMINIK KOZłOWSKI,SHL-PAK Trade LTD,Shop Gadget,Shop Rr Online Session,Shop Zinbay,SHOPTEL,SIA Solution,Siana Intelis,Sienna Home,Sierra Gsm International,SILKASE,Sima Igloo International,Simbara Logistic,Sims Invest Business,Sinpie,Sizu Store,Skrekis,Smart Technology Max
Smart Tob,SMART VOLT SRL,Smart Wear,SMARTCOOLER,SMD PLUS TECHNOLOGY,Smuff Gadget,SNS Rent Apart,Sofia Green Life,SOFTLAB TEHNOLOGY,Soho Mobile,Solid Logistic Tisa,Solidparts Dominik Myszk,SOLLUXE,Soltcor Trading,Soluții Soft,Sominis Technology UAB,Sonic Car-wash,Sophie Packaging,Soumixpro,Sound Stil,Sovel Distribution,SPONGE,Sportoom,SPRINGOS,Sprint Trade,Sprinter 2000,Starstore,Stas Computer,Stechi,Stefania,Steph Concept Idea,StereoClub,StergatoareOriginale,Stilno bags ltd,Stoucky,StradaIT,Stuffix,Sundiguer,Super Discount I,SuperElektronika,Suveran,SWISS CORNER,Swissant,Tabara Telecom,Taggo Stil,Talk Smart,Tatkraft Grupp,Tatu,TAVARES,Tbs Xpert Consulting
TC DEALS SRL,Tech 4 Life Home Automation,TECH 4 PEOPLE SRL,Tech Pick Ro,Tech-Soft,Techaway,TECHDELIVERY,Techmoon,Technistore S.R.O.,Technology Entertainment Company,Technoshop,TECLA EXIM,TELEMIX,Texp,TGV Mecanizata,That One Byte,THE BLACK CASTLE,The Console Club,The iStore,ThikiShop,Timburly life,TIMETRADE PIOTR BOZEK,TimoShop,TLE-BUSINESS,tmall,Tns Around All,ToolFix,Tooz Global Consult,Top G,Top Inns Centrum,Top Management,Top Trend Ireneusz Gumny,Toper B.V.,TOPRO,Total Distributie IT,Trade electronics 2022,TRADE MAX INC,Trade Trust,TRADEBIT,TRANS-COMP 3000,Transilvaniamag,TREAT STORES,Trend Vizual Store,Trima,Trinar District,Trohestar,Tropicus Online Store,Trust Ecommerce,TRUST24LAMA SRL,TTmag
Tulip Computers,Twistly,u wear,Ultradion,Unic Spot Ro,UNIKA GROUP,UNIKA GROUP FBE,UniqIT System,Unirii,United Software Labs,United Tim,United Trading Express,Univers Trading Impex,Universal Crs Online Business,Univertel,Upmag Store,URANUS,URY STORE,Util Land Fashion,UZBO,V&V Pc Shop Service,VagAuto,VALI Computers Ltd,VALMY UNIVERSAL,Vanthfir,Vector International,Venus Hub,VEXIO,vidaXL,Vigas I,Viking Tools,Vincetek Solutions,Vitacom Electronics,Viyogo Business,Vlamir Impex,Vma plus,WAMA,WANNDER,Warehouse,warsztat medialny,WATCHME MARIUSZ ROMAN,Waterfly Direct,Web Deals,WEB TRADE ONLINE,Wefresh Plus,Weimei,Wellness Highs,WEST STUDIO,WISE COMPUTER MAGAZINE,Wiseman C & A Trading
WONDERLAND GRUP FBE,World Mart I,World Mart II,Xhv Trading Commerce,Yana Evo Market,Yatovur,Yorda & SYE,Youmatter,Youthup I,Yuboo,Yuchi,Yunjie,Yunkegu,Z-ONE,Zagan Soft Solutions,Zagatto polska,Zalmoxis Software,Zenino,Zenix,Zenwire,Zhongyuanbazar,Zola,ZOOART
123 Mobile Smart Trading,24 EVONESS,27cla.evolution,3Dmall,3V Smart Adt,4buy,4EARTH,7burg UG,8 Moons Corporation,A&J TRADE JUSTYNA CIURKOWSKA,A&M Boutique Store,A-Z Store,A.d.u.-L.r.u. Trans,abart pro,AbbyBa Store,Abcros,Abertech,ABOX CENTRUM,Abstore,ACCENT SYSTEMS,Accesoriimix,Accesorio,Accessory Line,Active Daily,Acz Smartmobile,Ada & Vlad Wonderland,Adamcaly,Adatehnix,Add It Techno,Add Telco Mobile,Add Telco Mobile FBE,ADGSM,Adina Top Team,Adira Transilvania,ADITYNA,Adm E-sales,Adman,ADMIR,ADNA,ADNA FBE,Advantage Online,Afoskce,Afurdel,Agd Creative Shopping,Agora Concept,Agora Global Store,AgoraShop,AGP Business Neptun,Aha Print,AI Automation Initiative
Aida Her Store,Aimm Tudor,AisHa StoRe OnliNe,AJB Home & Garden Store,Akbrother,AKTIV PLUS,Alazet-Magazin Gospodaresc,Albacom Biz,ALC MOBILE,Aldeaqua,Aleco Air,Alemardima Online,Aletta,Alexa Trading,Alexandra's Choice,Alexer,Alexs Online Romarket,Alextib Electrohouse,Alfalinux,Algo Shop,ALI HOME,Aliamar Store,Alicoral Distribution Impex,ALIEN BIKE TEAM,Alien Store,Alien Surface Earth,Alik Smart Ecommerce,ALILED ONLINE,Alin GSM,Alka Group,Alkasandra Cosmetics Luxury,All Gofixit,All4Low,Allbrave Team,Allexa Evo Systems,Alliance Computers,Allsmart4u,Allview Romania,Ally2Shop,Almar Sistem Service,ALMAR TRADE BULGARIA,ALMAS OFFICE,Almiao,Almond Cosmetic Vitr,AloMag,Alotel GSM,Alphalogic Consulting,Alterro,Alxo Delivery,Ama It Distribution
Ama Sercom,Amadeus Isara Invest,Amato Trading srl-d,AMAZON MARKET,Ambia Store,AMBIENT AROMA NATURAL,AmbiLife FBE,Ambrant,Amco Textile Solutions,Amex Interlogistic,AMIPLUS,AMIS ECOMMERCE,Amix Shop Online,AMM I.i,Amosdrive,AMY'S DISTRIB,Amzo,ANA & EDUARD CNS,ANA ONLINE SOLUTIONS,ANABLUE COMPUTERS SRL,Anager,Anais&Alex,Analuca Prod,Andemar Commerce,ANDREX NET,Andserb Office,ANDYLUC BESTMAG SRL,Anexa,Angel City,Angle Store,Anmaio EMC,Ansa Management Solutions,Anself,Anteake,Antech Sim Group,Antessa,Anyphone Online,Aowen,ApcGsm,APOLO TRADE SYSTEM,Apresto,Aprillan,Ar Mixt Marketing,Arašid Spol. S R.O.,Arašid Spol. S R.O. FBS,Arcase,Ardelenii,Arhiprint,Ari Mall,ARIBA DRIVE SOLUTIONS
Arimat Electronic,Arisa A&i Accesories,Ariscorp,Arka Mobile,Arka Mobile FBE,Arkstore Express,Arllforest,ARONIA STORE,Arsis,Art Class Electronics,Art Eunoia,Art Nouveau,Art Style Performance,ART&CRAFT DESIGN,Art-Autotract,Artool,Artstikers,Artur Fengler Ames,AS Computer Craiova,As Just Drive World,As Sky,Asang Official Store,Ascim Organization,ASKSA Shop,ASOCIATIA LEMNIKO,Assurance Cmcc Concept,ASTEL MOBILE,Aston ADM Business,ASTRID MEDIA PRODUCTION,ASTROMAGAZIN,ATALINE PROSISTEM,Atelierul Fericit,Atg09 Creative Solutions,Atlantic Mobile,Atlantic Mobile FBE,Atlantis,Atlas Corporation,Atolla I,Atomic Auto,Ats-L Fincon,Atu IT,ATU IT FBE,Aucied,AUDIO HOME,AUDIO MONKEY,Audio Video Akcesoria,Auto Dinamic Shop &Trans,Auto SSF,Autobliz,AUTOBON
autoEVO24,Autoklass Center,Autonego,Autopro,Autostaff,Avail Concept,AVAL CASE SRL,AVANSOFT SRL,Avelta One Marketing,Avl Construct Tech,AVstore,AWA SMART PICTURE,AXELEN IMPEX,Axilid,Axldro,AYALTEL MOBILE,Az Office,Azetshop,AZTECA,B & C Premium Brands,B&R Store,Babo Store Adt,BabyToy,Badabum,Bady Gogos,baglik.cz,Balkan Star FBE,Bamboo Pavilion,Bamston,Bargain King,Base Arc,basezen shop,Basicoo,Bastel Maier,Baterie-Shop,Batna,Bazic International,Beauty revolution II,Bebejucarii | Cervit Online,BEDELEU ALEXANDRU,BeeoDna,BEEP BG,Beiotech,BELDENY SRL,Belinkconcept,BELLABOXIMAGE,BellFyd,Bencosilcomar,Bepo International Company,Ber Spid
Berstor Capital,Bervolo,Best Accessories,Best Buy Tech,BEST CASE EN-GROS S.R.L,Best Choice OL,Best Store Online,BestDiverse,Bestlife,Bestop,Bestore,Bestprism,BESTWHEELS,Bewood,Bfashion24,BG UNITED TECH,BH1988,Bia Beauty Store,Biafan Optix,Biara Shop,Biasicom,BiBi Shop,Bibilel,Biciclop,BIFFIDI SRLS,Big A Outlet,Big Smile,Bigadicos Tim,BIGSHOP,Bike Nature,Biladtin,Bilanciaelite,BILKOBG,BILL HOUSE ACTIV,Bimkole I,Bing Bang Market,Bioan Market,BIOMARAND NATURAL SRL,BIT ZONE,Blackout Westgate,Blackwater Risk Management,Blanco Happy Magazine,BlazersElec I,Blent.BG,BlessLu,Blirowin Company,BLITZ CREATIVE,BlitzWolf,BlooMing01,Blue Bear
Blue Gifts,Blue Way Experience,BLUELINE SHOP,Bm Guest Online,Bmc Complet Instal,Bocca House,Bonboncat,Bonty Erc,BOOKIDZ SOLUTIONS,Boom Smart Tech Solutions,Boomway,BOTTARI ITALO ROMENA,BOUTIQUE SANATOS,Boxshopservice,BRADIS,BrandGSM,BrandsStore24,Brasoveanul urias,BRATCOROM IMPORT-EXPORT,Brave Aeb,Bravo Shop,BRD Active Group,BRENET DISTRIBUTION,Bright Store,BROADBAND TECHNOLOGY,BROMINO,BSS,bTime Store,Bubble Mint,Bugda Impex,BURASIG TOP CONCEPT SRL,BUSINESS LOYALTY SOLUTIONS SRL,BUSINESS TWO WORLD FRANCHISE,Butnaru Alexandra-Sorina,Buzzard,Bzduch Store,Bzduch Store FBE,C&A Intergames,C&I I,C&S BOUTIQUE DELUXE,Cactus Jack Llp,Cactus Trade,Cadorabo,Cadouri Barbati,Cakuja,CALIFORNIA SPEED TRAVEL SRL,Camelot,Camere 360,car 1 logistic,CAR TUNING DISTRIBUTION
CARMODELS TOYS FBE,Carp Intelligence Ltd.,CARPATIK IMPEX,Carturesti,Casa cu Huse,CASA IDEEA GROUP,Casa Tehnica,CASE SMART,Casezilla,Cavendor Shop,CD Piese Auto,CELLART GSM,Celo,CELSIUS,Cematico Invest,CERBO FUN TEL,Cervys Scorpio Market,Cesky Raj outdoor sports,Cezymiez,ChaoriMall,Check It Group,checkit,Chicohandys,Chigods,Chimi,Chimiflo CMA,Chinfond,Choetech,Christina Diamonds,Chronus-sport,CHT SHOP,Ciocotec,CISIONEX,CityMag,Clarox Top Deals,Clarys,CLASIC DAY-RM,Claxseo Web Services,Clean & Go Plus,CLEANPC,Clicktech,Clinica GSM,Clothing Planet Import Export,Cloud data tech,Cloud Group International,Cloud Mobiles,Cloudvision Market,ClubCase,CMAG Online Shop,CMC
Cmv Netmarket,Cnz Deluxe,Cocoball,Cocomall,Colas,COLOR DATA,Comexim Electronix,Concris Cogrup Distribution,Conectica,Conex Electronic,Conia Amz,CONNECT GSM,CONOX,Consaya Era,Constaesmart,Contact Electric Com,COOBLO PLAY SRL,Cookie Ag,Cool Mobile,Cooollife,Cora Tech It Solutions,Coral Creativ On-line,Coraldo Project,Corfils,Coris Store,Corwin Mold,Cosbi Group Invest,COSMAYANY,Cosmeticos,Cosmeticos Discount,Cosmo Global Concept,Cosmo Global Concept FBE,Covershop,Cp Delivery,Crazy 4 Bijoux,Creatif Luxe Boutique,CREATIVE,Creative Market,Creative Si,Cri-flo Car Delivery Smd,Criante,Cridem Impex,Crismadina Cons Online,CRISTAL,Crocomag Group,Cronos Shop Circuit,Crowtrade United,Crs Dinamic Express Services,Crypto Spot,Crypto Spot FBE
Csllvia,CSM Ledshop,CTD,Cubeca Pro,Cubis Shop,Cumperi Orice Online Shop,Cutiuta Perfecta,Cyclop,Cyril,Cytheria,D&Y Alternative Trans Safe Service,Dab Smart Solution,Dabi Mall,DacEnergy,DacEnergy FBE,Dacosmobile System,Dactylion,Daemimag,Daix Drop,DALI MAG ONLINE,Daliro,Dalvrabe,Dalvrabe FBE,Dancat Rich,Danex Techmag,DANIR PREST,DANSON SRL,DANYAL TEXTILE 2005,Dao Shop Online,Darined Premium,DARSTEF STEFDAR,Dav Tech Distribution,David Royal Society,Davionline Shop,Davisar Concept,Davsgal Redcar,Dawen Onx,Dax Global Retail,DAXI CLEANING,Day Market Shop,DCM GSM Telecom,DDE SHOP,De Auditu,DEDAL,Deevas Distribution,DefenSlim FBE,DeiTim,Deli Softec,Delipaflor Miu,Delivery Connect
Delshop Bacau,Demasia,Denis Vision,Denisnetwork,Denycris Concept,depozitulcubaterii,DERB,Deshi I,Designdrops,Detail Trade,DETAILING BEAUTY,Deuzcasnic,DEVVERSE BUSINESS,DEXO,Dexter Computer,DFVmobile,DFVU,Di Ce,Dialzyup Gsm,Diamond By Gabro,Diaro Smart Company,Dibo Trust Mode,DIGIEXPERTTI OY,DigiLand,Digimat Store,Digishark,Digital,Digital Muresan,Digital Station,DIGITAL-PLAY,DilMoonTech,Ding Communication,DintiSanatosi360,DIOV NEW SOLUTIONS,Discaunt pentru tine impex,Dishop,Distribution Magi,DISTRICT GSM,Diva Life Cosmetics,DIY Diamond Painting,Dmc Wish Store,Dmh Media Shop,Dna Store Online,DNL ECHIPAMENTE&SERV,DNP ACCESORII GSM,Docarl,Docriso Mag,Doctor Brandt,Dodaco Solutions,Dogfish Store
DOITRIGHT,Dolik,Dot Beauty,Doty,Doublezen,Dougalore,DP Team Construct,Dragtek com,Dream Carwash Concept,Dream Market,Dreamdeal Generation,Drisal Speed,Ds On Mag,DSM ONLINE STORE,Dual Tech Center,DualStore,Duck Star,DUPU IMPEX,DURDOM,Duta Cornel-Marian,Dv Mag Online,Dwyn Shop,E-BODA DISTRIBUTION,E-Corp,e-IT System Grzegorz Kubica,E-Marknaden,E-shop,e-SmartMall,E-soll,E-storage,E-Style Online,Eagora,East Com,East Stars,Easy Trading,Easycash Slot,EasyLight,easymarket,Eb Software Production,Ebazar Massmarket,EBIN ONLINE SRL,Ebiz Market Solutions,Ebox,EBUY EUROPA Kft.,ecasti,EchipMont Livetech,Echoose,Ecodep Service,Ecom Nova Plus,Ecomfan
Econect Store,ECONO-HEAT,EDAR,Edman,Edoton,Edshop,Educlass,eDUDU,EF Wide Trade,Eficient Laborator,eFIRE,EFOXCARD,EFOXMOBILE,eGuest,Ehs International,Einparts Europe sp. z o.o.,Ekianz Electros,Ekm Duak,Ekman II,Elda Rom Company,ELECTRICS SHOP & BATTERY,Electro Supermax,Electroest Market,Electroland,Electronic Live,Electronic Paradise,Electronics Sales,ELECTRONICS SUPORT DIVISION,Electrostil,ELECTROSTORE,Electrotrend,ELEKOM,Elektra Team Deals,Elephant Mall,Elitech Electronics,Elithen Online Service,Elmhurst Trading,Els Fashion,Elto Tec,ElukShop,EMA GLOBO ONE DISTRIBUTION,eMAG,Emasos,EMESZON,Emotocar,Empendo,Emt Group,Enaizobols,EnergoDom,Energy Hookah
Enk JV Homecare,Enovo Market Online,Enron,Ensell,Epa Consult,EPIC INTERNATIONAL,ePiesa,Erb Capital,ERCO,Erfello Store,ErFi,ERGOK TRADE,Esales Depo,Escalate,ESHOP SALES,eshopa,Esimplu,eSMART,ESO Exclusive Group SRL,Essential Level,Essthetic Limited,Esthme,eStore,Esyom Business,Eternity,ETOC,Etwas Com,EUATEO,Euro Comcas Trading,Euro It & Finances Management,EURO VIAL LIGHTING,EURO-CAR TRADING,Euroama Individual Online Shop,Euroatlantic,Euroclaim Network,Euroconcept Translations,Euroelectronics,Euroelectronics FBE,Euroelectronics_eu,EUROELECTRONICS_EU FBE,Euromobil,EUROPANDA,Europe Simpleks,European Shopping Center,Eurosol Distribution,Eurostoc,Eurostore Distribution,Eurotabros,Eustore Telecom,Evecleaning Service
Eventeam Logistik,Evnc Evender Concept,EVO,evoGSM,EVOLVE IT,evoMAG,evoMart,Ewart Woods,Ewiz,EWRO EWELINA MICUłA,Exacom Vision,Excelsior Md,Expert Audio,Exporttrans Ultimate,EXTREME FASHION CONCEPT,Ez Home,Ezgetop,F1 Luna Porpora,Fabmag Social Media,Fabrica De Folii,Fahrenheit Technology,Fair Trading Method,Family Shop,Fan GSM,Fanomic,FanProd,Fanwei,FARGOBORA S.R.L,Farrot,Fashion Dairy,Fashion Squad,Fasmil,Fast Cash Distribution,Fast Line Shop,FD Store,Feegar,Felea Cosmin Întreprindere Individuală,FELIS 2016,fenggu,Fenix Mobile,Feuilleter-RO,FG Market,Fifty Top Gsm,FilipShop,Filoch,FINE ART STREET 14,Fineline Home Design,FINELINE HOME DESIGN FBE,Finshop,Firast Store
Fire Stone Dinamic,Firma Handlowa GMTO,Fix Service Gsm,FIXED,Flaming,Flanco,FLEXZON EOOD,Floom,Flower Power Fantasy,Fly Store,Flying Lotus,FLYME E-COMMERCE,Fmc Gsm Enterteinment,Fmf Gsm,FOMCO TRADE,Fomito,Fonix Gsm,For Market,For Season Decor,Fora Online Clasic,ForIT,Fortuna Shop,Fosterra Services,Fotografia Fotorob,FotoManiac,Fotomarket,Fovwar I,FOXMAG24,FRAMI POWER,Frammino Nvgp Shopping,Freedom I,Freelex,Freniashop,FreshIT,Frize Electronics,Frovers Paneuro,Fudali Kamil,Fugasun,Full Protect Gsm,Funlive,Funny Cup,Funvita Shop,Furtuna N Marcel,Future High Technical Group,FX FASHION,G Glixicom,G Outlet,G-Mark,G-Tech Power System,G.S. Mobile 2001
Gaba Alega Distribution,Gadget Garden,Gadget Trade Company,Gadgets Outlet,GadgetWorld,GAGET4U,Gaget4u Home Agency,Gaget4u Magazin Planner,Galastudio Advertising PP,Game Electronic,GamesCorner,Gammax,Gangnam,GARAMI SHOP,Gaspedd Consult,Gate Store,GAVE,GBR TRONICS SRL,Gd Auto Europa,Geanco Shop,GeaShop,Gedavi Express FBE,Gemevo Solutions,General Protect,Genieforce,Genius Magazin,Gentium Qualis,GENUINE EXPRESS A & M,GERDANI BG,Germag,Ggshop,Gida-Cris Wash,Gideon,Gierre Shop,GiftExpress,Giftzone,Gigant Retailer,Gimex Solutions,GL TRADING 18,Glambeauty,Glamium,Glamium FBE,Glitter Glitch,Glob Star Trade,GLOBAL ARTCAFLO,GLOBAL ELECTRONIC SYSTEMS,GLOBAL EVENT SOLUTIONS,Global Max Solution,GLOBAL STOCK EXCHANGE LTD.,Global Svotech
Global-iTech,Globall Design Online SRL,GM SMART ELECTRONICS,Gm Web Project Mobile,Go Global di Alessi Mattia,Go2shop,GO4FIT,Goa Sales Company,GoForLux,GoGoChat,Gogogadget,Gogou,Gohub Shop,Gold Market Boost,Golden Mall,Golden Svetia Com,Gonga,Good Shopping Online,Goodvibes,goshopping,GRAAAJ,Grand Mxl Mobile,Grand shop,GraviCom,Grawen,GREAT DEALZZ,Great Giorgio Logistic,Greatop Supplier,GREEN IDEAS MTC GROUP MTC,Green Mobile Solution,Greeninia Business,Greenmobile,Greieras Store,GRIMENG CHEM,Group Eplus Stc,Group Sale,Grupa Marka24,Grupa select,GrupaZero,GSM Arena,GSMfit,GSMMARTECH,Gt Lavi Mobiles,Gta Business Development,GTC Select Grup,Guesser,Gusetoaia,GVAT,GVTECH I,GZK Company Com
H-Port,Halosta 2022,HandyHands,Hanking,Happy Electronics Sales,Happy Panda SRL,HARA INTERNATIONAL SRL,Harnicuta,HautStore,Hax One,HCT TRONIC,Health Nutrition,HellSmart,HEM,Hemera Rise,Herum,High Car Perfumery,Hintogram,Hipgnosis Vision,HIPGNOSIS VISION FBE,HIPOO,Hippo Store,Hippoptamus,Hivas,Hlineagency,Homberry,Home Center Distribution,Home Screen,Homesmart Hub,HONEY MAP,HOOYAH GROUP,Hope Promo,Hoping,Hot Cloud,Hot Price Online,Hotpick,HouDeOS,Hrm Sinda 2016,Hsp Market Profi,HTPMAG,Huakai Store,Huaxin Tech,HUFO,Huikairui,Huimeng Technology,Huntivity,Hurt-net,HUSA VERDE,Huse Premium,Hwi Direct
Hydro Habit,HYsmart,I3Z,i4c FBE,Iacoban I.O. Radu-Liviu,Iani,IATCHEVICI MOBILE,Ibuy,iCare,iceHao,iCover,iCover FBE,ICRO,ICT TRADE GROUP LTD,IDCP,IDEA INTERNATIONAL TRADE,Idea Mall,Idealstore,Ideas4comfort,iDIGITAL,iFeniks,Ifufr,ifuture,iGeneration,iHunt,Iiruc Service Drobeta,ILEX COM,Ilogic sp. z o.o.,ILUMINI,Imaginos,Imaginos FBE,iMall,ImdGlobal,iMK,Imobiliare Great Estate,Impact Market Academy,Impact Taste,Impar,Imperios,Imperium Electronics,INBOX SOLUTION,Incanto Grazam,Incognito Photo Studio,Industrial Store,Inex Casa,Inf Company,INFINITY GSM,Infinity SHOP,Influential Tech,INFO.PLANET DI FAVARO CRISTIANO
Infoasistent,InfoTouch Systems,INGENIO AUTO,Inger Drag,INGZO,INK,Ink Sheriff Studio,Inno 3d Solution,Innovation Hub Trading,Inorog Tech,Instalogics,Integrated Home Store,Intell-IC-Star,Intelligent Marketing Solutions,Inter NX,Inter-Line Company,INTERTRANS DAN S.R.L.,Inventii Electronice,Invisible Protection,Invisible Protection FBE,IoanaShop,IonutDragomir98,iooioo,Iosif Mihai-sebastian,Iovan Ion,Ipack Online,IPERCOMP EXIM,IQBOX,Irepair Fix and Accessories,Isag Aag Partners,ISCOOT TECHNOLOGY,iShield,iShoot,ISKINZ-PROTECTORS,Isobel,ISTAND DI TARANTINO GIUSTINO,iStreet RO,IT Avantaj Concept,IT DIRECT,IT FACTORY,IT Fashion,It Pharma Solutions,It-Shop 24,IT2GO,iTelMobile,ITGalaxy,ITOOL SERVICE GSM,ITOOL SERVICE GSM FBE,Iulia's Secret Store,iUni
Ivial Store,IVN Shop,J Si R Logical Best Trade,J&C Trade,J&j Mart Online,JAC Boutique,Jade Events,Jadrel Software and IT Services,JAKEMY,Jarograf,Jaxs Tools,Jeanrusu Shop,Jia Jia Store,Jing Tech,Jiyoust,Jkazakos,Jodao,Joy of shopping,Joyeux Store,Joyon Electronics,Jts Comerce,Jukystore Tech,Jul-Kom,Jumana Top,Jumpup,Junior Network,Juntuo Store,Jupiter,Just Add,Just Brands,JUST BRANDS FBE,Just In Electrics,JvGoal I,Jymy,Kapornyai Iozsef,Karkh Team,Karlyteo Inovating Solutions,KassimatisCycling,Kattara Telecom,Kdy Tech Supply,Kemosabe Cool Market,Kennyd,Kesnup,Kettler Romania Wellness Solutions,Keynesman,KidGPS,King Cell Battery,KitchenShop,KitsKap,Klar Tur
Klarbeck,Klausenburg Gadget,KMB KAMIL BAJ,Kmlmobile,KMP PRINT TECHNIK,Kodify,Koka Handelsgesellschaft Mbh,Kolba,KOLL SMART TRADING,Koloreno,Koopsio Marketplace,Kopenpal,Koradior,KOTA BABY,koupakoupa,Kraftman,Krasscom,Kribo,Krisart,Kristin Royal Solutions,Kristrade Krzysztof Kraskovski,Krmnoor Best Deals,Kronpal Sales,Kronstadt Market,Kruz,Krytpromobil cz,Kta Pro Business,Kubex,L.r.d. Gsm,La Kiosk la Dorobanti,LABELLO SP. Z O.O.,Lacri Winner Line,Lami,Lamp Shop,Lampalampa,Lamy Premier,Lartek Grup,Lasercraft,Last Impact,Laurrane Fashion Style,Lav&cod Electronic,Lc Online Land,LCDPONT SZERVIZ,Ld Galaxy Tech,LEADShop,Lecheng Store,LEDUX INTERNATIONAL,Lefpom,Leisideng,Lejla
Lekont I,LEO AUTO EXCLUSIV SRL,Leo Expert Profesional,Lera Crafts,Lerato Mobile,Levi Union,LEVIATAN-POLIGRAFIA SP. Z O.O.,Levine Store,Levirom,Lexonn,Lgsayl Shop Online,Liauekay I,Liauekay II,Librarie.Net,LIDACTIVE SOLUTIONS,LIDER BUSINESS INVEST,LIGHT EBAY TRADE,Lighthouse Deko,Lightweight Trading,LikeARose,LikeSmart,Likestar,LikeStore,Lila Rossa,LINECHIM,LinkOn,Linogal,Lintami,Lionfu I,Lionfu II,Liqui Pedia,LITTLE BOUTIK,LittleDomi,Liwu's GmbH,Logic Gsm,Logistic Matrix Com,LOLOS IT&PRINTING,Lop Business,Lor's Lic Educational,LORUS,LRTM,"LTD""Melinda6""",Luara Center,Lucky Concept I,Lucky Top Seller,Lucos Gabrian,Luk Feroland Import Export,Lulubuy France,Luma Shop,LUMAUDiO
LUMI AUTO LUXURY,LuxCase,Luxfeels,LuxFirmatico,Luxury Chargers,Luxury Concept Accessories,Luxury Engraved Gifts,Luxury Grand Store,Luxus Electronics,Lxtd,M Delivery Business,M&M Express Protection,M-IMPORT GRUPA SPOLKA,M. THIELEMANN,Ma & Yu Business,MAC GSM ALL,Maciej drąg innet,Macro Totem,Madcase,MadHawk,Madinacris Gadget Online,Madras Global,Maf Online Boutique,MaffStuff,Mag Best Solutions,Mag Genius,MAG GSM,Mag pack,MAG STUDIO,MAGAZIN GSM,Magazin Oficial Baseus,Maggulf,Magic Mag Gsm,Magnetella Souvenirs,MAGNUM HEATING,Magnum Luxury,Magstoria Ecom,Majstra,Makedesign Company,Makeson,MALIPEN,MALLBG COM LTD,Mandelbrot Software Consulting,Mango Online,Mangusta Gsm,ManiaMall,Mansarda Cu Sunete,Mar Itell Gsm,Marafeti,Marc Medical
Marcosm Shop FBE,Mare Adriana Irina,Marema,Marex,Maria Volovaci Agency FBE,Mariax Distribution Depot,Mariusz Bieciuk E-Commerce,Mark & More Ideas,MARKBEK BUSINESS,MARKET TAG,Market24,Marketall,Marketbox Distribution,MARKETPLACE SOCIETY,MARRATEH,MARTEL COM,Maseller Eu,Masi Smart Energy,Matiado Smart Solutions,Matmag Import-Export,Matpec Chn Inovation,Matrix It Solutions,Maverick Company,Maxidiscount Shop,Maxipro Europe,MAXMANIA INTERNATIONAL SRL,MAXX COMPUTERS SRL,Maziga Riqueza Imp,Mba Dream Party,MC Technology,Mchip Toptechnic,Meadows Group,Media Style Trinity,Media Tehno Computer,Mediamart,Mediason Trade,MEDION IMPEX,Medist,Meem Soft,Meetbeauty,Mega Tech,Megacolortek Mania,Megane Expert,MEGATEL,Mek Fine Invest,Melanishop,MELAROX,Melboo Online,MELZOO,Mentor Marketing & Distribution
MENZ,Mercano Global,Mercaton Store,Merkie,Merlin Market,Meta Zen,Meteoris Primex,Meto International Import Export,Metru Patrat,MF&STAN IMPORT S.R.L,MGA Logistics,MGL Store,Mi Mundo Delight,Miautricou,Microcore.gz,MicroZece,Mifa,MIHANCEA GEORGIANA ANDREEA I.I.,Mika Pro Solution,MIkand way,MIKRO ATLAS,MILCOM SERVICE,MILINDA COMIMPEX,Military and Urban Store,Military-Grade,Milnik Store,Milworld,Mindblower FBE,Ming Yue,Minimalist Store,minmag,Minmar Trading Sales,Mino-mall,Mir Bagaje Shop,Miraduo,Miralex Parts,MIRCIOGU SHOP SRL,Mirctri,Miri Queen Famyly,Miriam Radu,Miriam Travel Rsb,Mistique Dudvioasig,Mitran Ionut Remus,Mix Media Solution,Mjzlacky,MKM,Mkpshield,Mlrdesignart,MM Electronics,Mma Cweb Dolce
Mmax Distribution,Mobe,Mobi Smile Evosmartec,Mobi Store,Mobil Service,Mobilab Creations,Mobile 1,MOBILE DEVICES,Mobile Express Communication,Mobile Joy,Mobile Mag,Mobile Tech Protection,MOBILEADER SOLUTIONS,Mobilefix GSM,Mobilepro,MobileSmart,Mobilestuff & Vmi,Mobilpoint,Mobilpro,Mobilstore,MobiltokGuru,Mobino,MOBIPLAZA,Mobired Invest,MobZone,Modac Holding,ModaSmartphone,Modi Home,Modsig,Mogulian Business,moka gsm service,Mokeshop,Monmar II,MonsterShop,Monte Cristo Star,Moose Commerce,More.AMZ 2020,MorFansi I,Most Wanted Parts,Mostools Distrib,Moto Travel,MOTOR STARTER,Mowandou,Mptech New Experience,Mrc Gsm Store,Msd Shop,Msg Connection,Mulan,Muller Innovation,Multi Gsm
Multishopping,MUNDOVAL SOLUTION SRL FBE,Munirah,MUZICA ONLINE,MVUCA I,MVUCA II,My24shop,MyBagCraft,MyCenter24,MyCollino,MyShop,MyStyle Solution,MyWebshop,M­-Notebook,N.T.P.,Naaf Distribution,Nabel Imperio,Nabi Auto Market,Nacu Corporation,NANOVATOR SOLUTIONS S.R.L.,Narpo-Consult,NaszeDzieci,NationalDeals,Natural-Cadouri Eco,Navimpex,NAVO DIGITAL,Ncode,NELBO,NELBO FBE,Neo Gadget,Neotec,NET STORE,Netinet,NETKLIKK WEB,NETOMAG,Nettosy,Never Settle,New Joy,New Lifestyle,New Style Fashion House,NEW TECH ELEMENTS SP. Z O.O.,New Tech Trend,New Trade Vision,Next Digital Ark,Next Generation Phone,NEXT ONE,Next Tabs 21,Nexus Media,Nfl Decor Efibra,Nicestore
Nicodav Serv,Nicol Power Energy,Nicole Shop,NICOMM TEAM,Nida Store Online,NIKA MULTICOMPANY,Nikola Tech & Supply,Nile X Development,NIMOX,Niunu,Nivero Concept,Nizi.mimi Online,NNG Store,No.1-Shop,Noah & Matei,NODO ACCESORII,NONSTOPSRaCOK,Nordic Zen,Nortek Web Technology,Norvis Ilia,Nostradamus Com,Nova Distribution,Nova Sport,NovaMall,Novatim Expres,NTB CZ S.R.O.,NTEC,Nutushopall,Oakywood,OAU DISTRIBUTION,Objects We Love,Obo-Riva Project,OCAK OZKAN,octopus inc,ODZYWKI.ZROBIPAK ROBERT KUPIDURA,OEMFashion,OFFICE 1,Office Human,Office Max,OFISITEL,Okarimasu,Olali,OLBO,Oliver L,OLTEANU R.A.N,Omega Lan Logistic,Omegisza Magdalena Olszewska,Omni Sirius,On-Line Market Campus,ONA doo
ONDO STORE,One Gsm Mobile,One Gsm Solution,ONE IT,One Pepito,One Up Mobile,Onebuy,Onedeal,Oneid,OnioGift,Onirodi Store,OnITai I,Online Global Market,Online Greentime Shop,Online Kolin Shop,Online Max Solution,Online Sales,Online Shop Intense,Onlinesell Invent,Onof,Onshopp,Onsol Systems,Opeth Ingredium,OPIS TECHNOLOGY,Optim Solution,Optimus AT,Orca West Mobile,Orchid Snooze,Organza,ORIG-SHOP,Origin and Natural,Origin and Natural FBE,ORIGINAL DEALS RO,OROLOGI,OSPE,Otel Design Cost & Rar,Otimo,Otto Spa,OutletSea,Outpost Business,OVER SELL LAB,OVIMIR GROUP SRL,Ovio Connect Group,Ovolt Logistics,Ownta,Oxee,Oxim,Oyueer,Oz Garden,P.M. Project Quality World
PaaExpress,PACshop,PadForce,Pairno,Palaloga Luci-Cristian,Pam Import Export,Pamikio Fashion,Panalpina,PARADOX SERVICE,Paraduck,Parafasa,Paramount E-commerce,Parasource Concept,Parson Center,PARUNIV,PARUNIV FBE,Pas Store Retail,Pasati Comexim,Pastel Textile,Paufip Autoparts,Pavlov And Sons,PCDoc,PCfrog,PCLand,pcmadd,Pcshop Andrei,Pdd Divers&Homecare,Pe Stock Solution,Peak Performance Brother,Peba Personeelsdiensten 2.0,PEBAMAG,Pecker Art,PEDAVO,Pegashop II,Pelegrin Top Service,Penguin Arts Studio,PENTAGON 2000,Perfectoys,Pes Market,Peta IT,Peter's shop,Petit Ari Mag,Pg Cons&trade,PHN Mag,Phone Boutique,Phone Guard,Phonect Covers,PHONUS,Pieceofcase,Pili-Paradise
Pinguins,Pink Signature,Planet Phone,Platinum Arrow,Play Store,Playsmart,Playsmartshop,Plimbărețul Travel,Plus Computer Marketplace,Pm Services Computers,Pmb Corp,PNI,PNI FBE,POINT MARKETING,Pokko Brands,Pokko Brands FBE,Polimat Invest,PolisElectro,Poro Online,Power Connect,Power Locus,Power4,Powerfix,Praize Tech,Premium HB,Premium It Consulting & Services,Premo Mag,Preppie Look,Presented By Bnib,Prima lume,Primal Sell,PRIME ADVERTISING,Prime Moment,Prime Warehouse Of Goods,Primordial Heart,Prince Shop,Princess Online,Privatella,PRO DATA INTERNATIONAL,Pro Detailing,PRO GSM,Pro Lend Sale Company,Pro Secure Tech,Pro Smart Design,Pro Swiming Team,Pro Weiskopf,Proactive Marketing Solutions,Prodragon I,Produsarena,PROFI PIKSEL
Progzee,Prolad,PROLINE,PROLOGIMA GROUP S.R.O.,Promo Business ADV,PROMOTEART INTERNATIONAL,Prosper Gold,PROTEL,Pshsk,PUFO MARKET,Puja,Pump that Muscle,Punto Franco,Pure Zenbaby Flow,Pwr.hill,Pyramid Electronics,Qasa,Qeno Romania,Qeno Romania FBE,QGSM Smart Shop,QienMao,QMOBILI,Quaitly Stores OL,Qualbrand Total,Quande Electronic,Quasar Comex,QUASAR COMEX FBE,Quick SS,Quickmobile,Quickuse,Qvilnius Tech,R-Mobile Webshop Kft.,R.J.FOTOGRAFOS,Radio Mall,RaftOnline,Raina&ryan,Rainbow International Distribution,Raisa Glow Publishing,Ralex Ict Consulting,Ramaxchip 1 SRL,Randal Collection,Rapdael,Raulm Extreme,Ravan Electronics,Ravata Store FBE,Raven Solutions,Razvan&Andrada Design,Rdc Electro-It,Real Aitseb Prime,Realstar Enterprise
Recko Shop,Recovery Phone,RED Mobile,REDPROD ONLINE MAG,Reflex Trend,Regalus Gift Expres,Reian Shop,Reimaginum,Reimaginum FBE,Relentless,REmarcabil,RepairGuru,Replay Gsm,RESTORE IT,Reto Mb Pro,Revai Vanzari,RexDigital,RFAN DINAMIC,RGB International,Riboldi Prive,Rich Sky,RICOM SECURE,Riofounder,Rkltrade,Rln Electronics Invest,Rnc Shop Trading,RO Distribution 2000,Robert Star Market,ROBEST COM,ROCKBROS,ROLL FAST SRL,Rolv Online,Romart House,Romsmart,Ronde,Ronotss Techart,Ronyes,RoShop,Rosom Fys,Rotech Electronics Development,Rove Ecommerce,Rovitality,Rovo,Royal Drive Band,ROYAL ELEKTRONIKS TRADE,RPhone Quality,Rsbtuning Performance,Rubexim Concept,Rud Invest Construct,Rudo Romania
Rush Trading,Ryadaly,S & S Worldwide,S&l Freight System,S.C. ORIGINAL MARKET CONCEPT,S.C. STAR BEST ONLINE COMERT,Sabecom Smart Deal,SAD LOGISZTIKAI éS ONLINE MéDIA KFT.,Safemore-Rou I,Safesales,SafeShop,Saichen I,SAICONCEPT SERVICES,Sako Online,sales365,SALESLINK,Salestore,Salist Business,San Logistic Shop,Sanitop,Santo Tour International,Santorini,Santos Inc,SARAH’S MIRRORS,Saro Accesory Concept,SAS BLAC,Sas Enterprise,Sava Sergiu Dănuț,Save Shop,Savelectro,Saveltrade,Sawexim,SC ACA TOPDEALS,SC AROBS TRADING & DISTRIBUTION,SC EFAYNRO SRL,SC INTERSECTION SRL,SC MATEY TOYS MTY,SC NANOREC LLC SRL,SC OLGUTA MARA SHOP,SC ONLINE NATVERK,SC RAPID DELIVERY DEPOT SRL,SC SOFIA ONLINE DEPOT,SCK,SDM-Tech,SDX Concept,Sea Multibrand,Seattle Msm,SECTOR US DISTRIBUTION,Secutrade Distribution,Select Auto
Select Shop,Selers,Selgot Company,Sell Corp,Selmag Shop,Seltronic,Selva,Semeray Retail,Sempler,Sendenuo,Sentexim,September,Servicetel Dinamic,Seta,Seta Outlet,Seve Shop,SEVERIN,SFDSRO,Sferique Convention,Sfilex Soft,Shark Paradise,Shiny Stone,SHIP & SHOP,Shop Gadget,Shop Like A Pro,Shop Rr Online Session,ShopFOA,Shopicus,Shopping House,SHOPTEL,shopV,Sia Snack Store,SIA Solution,Sicomo Shop,Sierra Gsm International,SierraMag,SILKASE,Sim Store Sv,Sima Igloo International,Simar Corp,Simbara Logistic,Simpliart Net,Simply Car Parts,Singlait Plus,Sinpie,Sizu Store,SK_Production_PL,Sklep Aladyn,Skrekis,SLI Sport Shop
Small Flying Man,Small Gear,SMART & EASY SERVICES,Smart Accesories Concept,Smart Big Data,SMART EPIC CONCEPT,SMART MOBILE WORLD,Smart Products,Smart Sale,Smart Shop Boost,Smart Sphera,Smart Techequip,Smart Thinking Concept,Smart Tob,SMART VOLT SRL,Smart Wear,SmartData,Smartfoni,SmartGsm,SmartGSM Romania,SMARTIC,Smartkoob,SmartMicroOptics,SMARTROM,Smartspot kwiatkowski,Smartstudio,SmartVision,Smartweb Auto Vanzari,SMD PLUS TECHNOLOGY,Smile Shop,Smuff Gadget,Soare Online,Society Corporation,Sofia Exclusive Concept,SOFTLAB TEHNOLOGY,Soho Mobile,Solaris,SOLLUXE,Solus,SOLUTION PRO,Soluții Soft,Solvej,Sominis Technology UAB,Sophie Packaging,Sordel Expert,Soruz,Soumixpro,Sovel Distribution,Spark House I,Spendra Fastlane
Spider Service,Spiridon Drive,Splendorecar,SPONGE FBE,Sport X Team,Spot Gsm Tech,SPRINGOS,Sprint Bike Sport,Spy Media,SS Deals Shop,SSNG,Stabor,Stan Andrei-Ionut,Star Market Eu Ro,STAR NET ONLINE,Starbiz,STARMAG,Starrepair Gsm,StarStar,Starstore,Start Bej Glow,Start On Family Team,Startover,Startpaadrop Automation Shop,StaryKing,Stechi,Step Up,StergatoareOriginale,Stil Media,Stoic Development,Stoida Online,Stone Electronic,Store Concept by Akz,Store IT,Storm Gas,Stoucky,StradaIT,Stre's Hair,STRICT BRAND S.R.O.,Studio Casa,Studioblu,Stuffix,Styleash Shop,Successful Quail Shift,SUM DEPORTIVOS MANUEL GIL E HIJOS,Sun Audio Electronics,Sundiguer,SUNEN,Sunfair,Super Imob Ag
SUPER SMART ELECTRONICS,Super Trainer,Superdeals,Superfect,Supermarketpunctro,Supertina,Suportbicicleta,Supreme Hifi,Suritt,Suzaku,SVIT Brands,Svod Media,Swim Gsm,Swiss America Xin,Swissant,Sya Online Shop,Syrex Electronix,SystemBank,Tabara Telecom,Taggo Stil,Talk Smart,Tally Trading,Tamira Mba,Taofedo,Tarex,TaTo,Tatu,TAVARES,TAYMA,Tbs Xpert Consulting,TC DEALS SRL,te-amo,Team Mobile Online,Team Pro Sports,TECH 4 PEOPLE SRL,Tech Pick Ro,Tech Pick Ro FBE,Techaway,TECHCOM,TECHDELIVERY,Techmoon,TechniSat Digital,Techno Store,Technology Entertainment Company,Technoshop,Techrebal,TECHSTAR,TECLA EXIM,Ted Jorgensen,Teddy Toys
Tekno-Tel,Teknoshop Virtual,TEKTONIK MOTOR,Telavim Gsm Mobile,TELEAGA BROD CONF,Telemedia Consult,TELEMIX,TELEPRO,Teleshop,TELETOP,Telgo Rbcs For Gsm,telinfinity business,TELPUR,TELRO,Tema Novelart,Ten Smart Shop,Tenzing Chargez,Terra Axis S.R.L,TESCOMAK,Texp,Tez Electronics Shop,Tezcatlipoca,TFHEEY,Tga Vag Autocenter,THALES Shop,That One Byte,THE BLACK CASTLE,The Console Club,The Couch Media Group,The Doctor Phone Gsm,The Extraordinary Web,The iStore,The Twin Business,ThikiShop,Thinq,TID ORGANIZATION SRL,Timberlake,Time memory,Timebox Gs Solutions,TimoShop,TINTOM S.R.L.,Tipare Confectii,Titanium Drop,TLE-BUSINESS,Tma It Software,tmall,Tns Around All,Toi Dpstore Primus,Tokgalaxis,Tolbaru Valentin Ionel
Tomasz Boksa,Tonis Trade,Tooz Global Consult,Top Defender,Top G,Top Inns Centrum,Top Management,TOP TECH,TOP TECHNOLOGY AND SERVICE LTD,TOP TRADE MARKET SRL,Top Watch,Top-Store,TopAutoChei,TopAutoShop,Topk Official Store,TOPRO,Tora Partners Solutions,Touch of Luxury,Trade electronics 2022,TRADE MAX INC,Trade Trust,Trade with quality products,TRADEBIT,Tradelink,Trans Truck Festival,TRANS-COMP 3000,Transilvaniamag,TRANSYLVANIA SUPPORT CENTER,TREAT STORES,Treidi M,Trend Market,Trend Vizual Store,Trendx Ro,Trendy Car Label,Trima,Triticom Agroind,Tritina,Trohestar,Trop Saint,TRUEGSM SUD,Trueiulia,Trust Ecommerce,TRUST24LAMA SRL,Tsabastore,Tuff Men's Gear,Tuopuman,Turquoise Cubic Boutique,Tuya Cozy Camp,Tuya Premium,TuYue
Twenty-Three Prime Project,Twistly,Tynydeals,Ucdpower Serv,Uco,ULCO SHOP,Ultra Retail LLC,Ultradion,Ultramic,Umbrella Corporation Development,UNDERLINE TECH COMPANY,Unelte Ok,Unelte Shop,Unimig Store,UNIOR-TEPID,UniqIT System,Unis Shop Design,Unisek Security Systems,Unisferis Art,United Brands Company,United Tim,United Trading Express,Univers Aria,Universal.com Shop,Univertel,UnlimitedZone,Uppercase,Uppercase FBE,URANUS,Urban Garage,URY STORE,uShield,uVision Optics,UZBO,VagAuto,Vai Market One,Vala Evolution,Valenti & Sie,VALI Computers Ltd,VALMY UNIVERSAL,Vanthfir,Vape Nation,Varga Studio Development,Vasil-Dra Karma505,Vast Electronic,Vatau Eduard,Vaxiuja I,VEEELA Technology,Veewin,Vega Nid Invest
Venus Hub,Vera Cruz Store,VERTICAL IT,VEXIO,VICEVERSA SOLUTIONS,Victor Optimus,Victoria,Vidazen Best Products,Videomobile,Vidrix,Vigas I,Vigeer,Viking Tools,Vikinq Elas FBE,Villega 2 xmc,Vincetek Solutions,Vindali,Vintila T. Laurentiu,Vip Retailer,Viptechnology,Virtej Nicolae Eric 15,Viscani Trade,Vismax Team Market,VISUAL TWENTY EIGHT,Vitacom Electronics,VIVA FACILITIES,Vives Instruments,Vivia Logistik,Vivomag,Viyogo Business,VLADELI COM SRL,Vlasia Investment,Vlt Outlet,Vma plus,VMC Advantage Solar Energy,VOCONCEPT BIO TECH,VODAMOBIL,Volla,Volt Technology,Vonino,VPD Solution,Vs Exim,VTAMobile,Vystorio29,Vzr Impact Construct,WAMA,WANNDER,Wanscomin,Warehouse,warsztat medialny
Wash&Charge&Go,Watch24,Waypoint Tech,Wchyanr,Web Network,WEB TRADE ONLINE,Webcrypto,Webdex,WEBSPRING,WeCareYou,Wefresh Plus,Wejoy,Wellness Highs,Wilmore-luk,Wimper Pest,Winstep,Wisam Hassoun,WISE COMPUTER MAGAZINE,Wise Tigers Amazon,Wiseman C & A Trading,Wm Interactiv,Wndcomp,WonderGreen,WoodenBoxes,WOOP,World Mart I,World Mart II,WorldComm,WORM,Wortek,Wowland,WRAP STORE SRL,XC store,XENON BRIGHT,Xiaomi Shop,Xideas,Xiousbor,XiRu I,Xizhou Trading,XKids,Xmi,Xpiese,Xtra Time,Xtrems,Yahuvillage,Yana Evo Market,Yatovur,Yi Ran,YiJi Store,Yikim Array
Ykmstore,YLKRS Automotive,Yorda & SYE,YouDoIt,Youmatter,Young Dami Space,Yourcomputer,Yoursupplier,Youruniverse,Youthup I,Youwantitall,Yu Tehnologie inteligenta,Yuanjia 3C,Yuboo,Yuchi,Yunkegu,Yunus Total,Yushun,Yyds,Z-ONE,Zahashop Concept,ZAIFAN WEB DESIGN SRL,ZAMO SHOP,Zaragoo,Zarman logistic,Zedils,Zencom Shop Online,Zenino,Zenka Store,Zenwire,Zepo FBE,Zevs Official FBE,Zhongyuanbazar,Zinnec Solutions,ZIT COMPUTERS,Zjff,ZNEW I,Zola,Zoopie Invest,Zosai,Zutech Elemp Group,Zzecamro Inteligence,ŁUKASZ CZECHOWSKI SELECT,Żab-Met Wojciech Zakrzewski,Ștefan A. Gabriel
3Dmall,Alien Store,Alliance Computers,Alphalogic Consulting,ANABLUE COMPUTERS SRL,Analuca Prod,ARTIS IT SOLUTIONS,ASTRID MEDIA PRODUCTION,Atu IT,autoEVO24,Azetshop,BIFFIDI SRLS,Bonty Erc,BrandsStore24,Cloud Mobiles,COMRACE COMPUTERS,Conectica,Crypto Spot,Crypto Spot FBE,depozitulcubaterii,Detail Trade,Dwyn Shop,eFIRE,Electronics Sales,ELFAST SRL,eMAG,evoMAG,FINE ART STREET 14,Flanco,Fonix Gsm,ForIT,G-Tech Power System,Gaba Alega Distribution,Gideon,Gogou,GSM Arena,H-Port,Happy Panda SRL,HCT TRONIC,iDIGITAL,ILEX COM,InfoTouch Systems,Ink Sheriff Studio,Inventii Electronice,Jkazakos,KMB KAMIL BAJ,Kmlmobile,Kribo,LEADShop,Lerato Mobile
M&C MUSICAL INSTRUMENTS DISTRIBUTOR,Magazin Oficial Baseus,ManiaMall,MELAROX,MicroZece,MIKRO ATLAS,Milnik Store,Mobi Store,Mobino,ModaSmartphone,MOTOR STARTER,Mptech New Experience,Multishopping,Nabi Auto Market,Narpo-Consult,NaszeDzieci,NELBO,Netinet,New Tech Trend,NONSTOPSRaCOK,NTEC,octopus inc,Optim Solution,Ovolt Logistics,Oxim,Pairno,Paramount E-commerce,PCfrog,Pcshop Andrei,PENTAGON 2000,Plus Computer Marketplace,PolisElectro,PRO DATA INTERNATIONAL,Pro Lend Sale Company,PROLINE,SafeShop,SDM-Tech,SFDSRO,Shop Rr Online Session,ShopElectronice,SIA Solution,Sierra Gsm International,SmartGSM Romania,SMD PLUS TECHNOLOGY,Stechi,Team Mobile Online,Techaway,TECHDELIVERY,Technoshop,TECLA EXIM
Teknoshop Virtual,The Console Club,Tomasz Boksa,Tora Partners Solutions,UniqIT System,VALI Computers Ltd,VEXIO,Videomobile,Vincetek Solutions,Vitacom Electronics
ADMIR,AgoraShop,ANDREX NET,ASTRID MEDIA PRODUCTION,Atu IT,ATU IT FBE,Badabum,Best Alternative Technologies,Bonty Erc,Chigods,Chigoods,Chinfond,Conex Electronic,DeiTim,Dragtek com,Dwyn Shop,eMAG,ERCO,evoMAG,Fabmag Social Media,FHS BOUTIQUE STORE,Flanco,ForIT,GSMfit,H-Port,Home Screen,iCover,Inex Casa,INFO.PLANET DI FAVARO CRISTIANO,ISCOOT TECHNOLOGY,Ivial Store,Kennyd,KMB KAMIL BAJ,Krasscom,Lerato Mobile,LIGHT EBAY TRADE,Lila Rossa,Luk Feroland Import Export,Majstra,MELAROX,MIRCIOGU SHOP SRL,Mobi Store,Mobino,Morele,NaszeDzieci,NONSTOPSRaCOK,Octi Micro Tools,Office Max,Ovolt Logistics,PHONETASTIC GSM
RepairGuru,Sersimo,Sierra Gsm International,Sima Igloo International,SOLUTION PLUS,TELEMIX,Texp,Univertel,VEXIO,Vincetek Solutions,Zenka Store,Zoopie Invest,Zoopie Solutions FBE
24 EVONESS,3Dmall,3V Smart Adt,7burg UG,A&J TRADE JUSTYNA CIURKOWSKA,A-Z Store,ABOX CENTRUM,Add Telco Mobile,ADNA FBE,AisHa StoRe OnliNe,All Import Group,Alliance Computers,Amosdrive,Antessa,ARCA HOBBER,Atlantic Mobile,Atu IT,autoEVO24,Autostaff,Bibilel,Bicwuzz,Big A Outlet,Bilanciaelite,Blue Bear,Bocca House,Bonty Erc,Boom Smart Tech Solutions,BrandGSM,BrandsStore24,Cervys Scorpio Market,Ciungu Rg Stock Division Society,CONOX,Cridem Impex,Crypto Spot,Crypto Spot FBE,Cubis Shop,Dactylion,Daemimag,depozitulcubaterii,Detail Trade,DEXO,Di Ce,DIGIEXPERTTI OY,Digital,DISTRICT GSM,Docarl,DRAGNAR EXCLUSIV PRODUCTS,Dragtek com,E-BODA DISTRIBUTION,e-SmartMall
EBUY EUROPA Kft.,EDAR,Electro Supermax,Electronics Sales,Electrostate,Elektra Team Deals,eMAG,EnergoDom,eshopa,eSMART,Espansivo Online,Euro Back-up Logistics,Euroelectronics,Euroelectronics_eu,EUROELECTRONICS_EU FBE,Eurostoc,Eventeam Logistik,evoGSM,evoMAG,Fabmag Social Media,Fan GSM,FINE ART STREET 14,FIXED,Flanco,ForIT,FOXMAG24,Fudali Kamil,Funny Cup,G Glixicom,G-Tech Power System,Gaba Alega Distribution,GAVE,GENUINE EXPRESS A & M,Giftzone,Go2shop,Gogou,Good Shopping Online,GrupaZero,GSMfit,GURAU D&G,H-Port,Happy Electronics Sales,Home Screen,HouDeOS,HUFO,iCare,iDIGITAL,ILEX COM,Imaginos,Impact Taste
Impar,InfoTouch Systems,Ink Sheriff Studio,Innovative Trading Center,Inter NX,Inter-Line Company,Inventii Electronice,Invisible Protection,iTelMobile,J&j Mart Online,Just Add,Kesnup,KidGPS,King Cell Battery,Klarbeck,KMB KAMIL BAJ,Kribo,Kruz,Lci Boutique,LEO AUTO EXCLUSIV SRL,Lerato Mobile,Lighthouse Deko,Luxury Concept Accessories,Luxury Grand Store,MAC GSM ALL,Macro Totem,Majstra,MALLBG COM LTD,ManiaMall,Mansarda Cu Sunete,Market Arogant,Maxidiscount Shop,Mediason Trade,MELAROX,Mercaton Store,Merlin Market,Merticariu Nicoleta,METASHOP BUSINESS,Milnik Store,MIRCIOGU SHOP SRL,MKM,Mobe,Mobi Store,Mobile 1,Mobile Joy,Mobilepro,Mobino,MOTOR STARTER,Multishopping,MyStyle Solution
Nabi Auto Market,Navimpex,Netinet,Nexshop Choice,Niculae Ghe F Ion,NIKA MULTICOMPANY,Nikola Tech & Supply,Nizi.mimi Online,NNG Store,NONSTOPSRaCOK,NovaMall,NTEC,Okarimasu,Onebuy,Online Sales,Online Shop Intense,Optim Solution,ORIG-SHOP,Otimo,OVIMIR GROUP SRL,Ovolt Logistics,Oxee,Oz Garden,P.M. Project Quality World,PaaExpress,PARADOX SERVICE,Paramount E-commerce,Parasource Concept,Pe Stock Solution,PENTAGON 2000,Phone Guard,Piese Auto AS,Pm Services Computers,PolisElectro,PRO GSM,Qeno Romania FBE,Quick SS,RaftOnline,Reflex Trend,RGB International,Rln Electronics Invest,RoGroup,ROPUNCT TRADING,S.C. STAR BEST ONLINE COMERT,SafeShop,Saveltrade,SC INTERSECTION SRL,SC SOFIA ONLINE DEPOT,SDX Concept,Seta
SHOPTEL,Sierra Gsm International,SMART MOBILE WORLD,SMART VOLT SRL,SMD PLUS TECHNOLOGY,Soho Mobile,Soumixpro,STARMAG,Stechi,Talk Smart,TARGET INSTAL PLUS,Tatu,TAVARES,TECH 4 PEOPLE SRL,TECHDELIVERY,TECHSTAR,TELEMIX,Telgo Rbcs For Gsm,The Twin Business,TimoShop,TINTOM S.R.L.,Top Management,Trade electronics 2022,Univertel,VagAuto,VEXIO,Vincetek Solutions,Viscani Trade,Vitacom Electronics,Vivia Logistik,VMC Advantage Solar Energy,VODAMOBIL,VPD Solution,WEB TRADE ONLINE,Wiseman C & A Trading,WorldComm,Youmatter,Yuboo,Zola
Accessory Line,autoEVO24,Azetshop,Conex Electronic,EFOXMOBILE,ELECTRONICS SUPORT DIVISION,eMAG,Eurostoc,Fonix Gsm,G-Tech Power System,Gaba Alega Distribution,H-Port,HCT TRONIC,Hot Cloud,Hydro Habit,InfoTouch Systems,KMB KAMIL BAJ,Kmlmobile,Krasscom,LAPTOP STRONG,LinkOn,Luxury Chargers,MELAROX,Mentor Marketing & Distribution,MIHANCEA GEORGIANA ANDREEA I.I.,Mobi Store,Mobino,NaszeDzieci,NELBO,NONSTOPSRaCOK,NTEC,Octi Micro Tools,Optim Solution,Ovolt Logistics,Pam Import Export,Peak Performance Brother,Plus Computer Marketplace,PolisElectro,Quande Electronic,RESTORE IT,SafeShop,SMD PLUS TECHNOLOGY,Soho Mobile,Sxs Active Piese Auto,Tabara Telecom,TAVARES,TECLA EXIM,Telgo Rbcs For Gsm,tmall,VEXIO
Vincetek Solutions,Vitacom Electronics,Ykmstore
A&J TRADE JUSTYNA CIURKOWSKA,Abstore,ADMIR,ADNA,ADNA FBE,Alien Surface Earth,Alphalogic Consulting,Antessa,ApcGsm,ASKSA Shop,ASTRID MEDIA PRODUCTION,Atlantic Mobile,Ats-L Fincon,Atu IT,Avl Construct Tech,Bibilel,Bonty Erc,Bragus Idea,BrandGSM,Celo,CONOX,Cool Mobile,Crypto Spot,DANIR PREST,DefenSlim FBE,Di Ce,DISTRICT GSM,Dragtek com,e-SmartMall,Echoose,Electroland,ELECTRONICS SUPORT DIVISION,eMAG,ESHOP SALES,ETOC,evoMAG,Fan GSM,FINE ART STREET 14,FIXED,Full Protect Gsm,G-Tech Power System,Gadget Trade Company,Genieforce,Go2shop,Gohub Shop,GrupaZero,GSMfit,HARA INTERNATIONAL SRL,HIPOO,Home Screen
HTPMAG,Huikairui,iCover,Industrial Store,Inf Company,Internio Systems,Inventii Electronice,Invisible Protection,IT Avantaj Concept,iTelMobile,ITOOL SERVICE GSM FBE,Joyeux Store,KMB KAMIL BAJ,KMP PRINT TECHNIK,Krasscom,Kribo,LEADShop,Lerato Mobile,MAC GSM ALL,MadHawk,Magazin Oficial Baseus,Mediamart,MELAROX,Mobi Store,Mobile Joy,Mobile Mag,Mobilepro,MobileSmart,Mobilpro,Multishopping,MyCollino,NaszeDzieci,NEXT ONE,NONSTOPSRaCOK,Objects We Love,Online Shop Intense,Optim Solution,Ovolt Logistics,Ownta,Paramount E-commerce,Phone Guard,PolisElectro,Power Connect,RepairGuru,RexDigital,Safesales,SafeShop,SARAH’S MIRRORS,SHOPTEL,Sierra Gsm International
SILKASE,Sima Igloo International,Smart Tob,Smartspot kwiatkowski,Soho Mobile,Stoucky,Suportbicicleta,Tabara Telecom,Tatu,Team Mobile Online,Telgo Rbcs For Gsm,The iStore,ThikiShop,Tokgalaxis,Univertel,Uppercase,VEXIO,Vincetek Solutions,VODAMOBIL,VTAMobile,Wm Interactiv,XINYU Direct,Youmatter
3Dmall,3V Smart Adt,4buy,A&J TRADE JUSTYNA CIURKOWSKA,Abstore,Accessory Line,ADMIR,ADNA FBE,AgoraShop,Albacom Biz,Alexer,Alphalogic Consulting,Alterro,Ama It Distribution,Ama Sercom,AMIPLUS,Analuca Prod,Andatech Sol,Antessa,ApcGsm,Arka Mobile,ARKON PROMEDIA,Arllforest,Arsis,Art Nouveau,Art Office,Assurance Cmcc Concept,ASTRID MEDIA PRODUCTION,Atlantic Mobile,Atlantic Mobile FBE,Atlas Corporation,Atu IT,ATU IT FBE,autoEVO24,AVANSOFT SRL,Avl Construct Tech,Badenis Trading,Beiotech,Berstor Capital,BEST 365,Biafan Optix,Bibilel,BIFFIDI SRLS,Big A Outlet,Biladtin,BlessLu,Blue Bear,Bondarel,Bonty Erc,BrandGSM
BrandsStore24,Bubble Mint,Celo,CELSIUS,Christina Diamonds,Cloud Mobiles,COLOR DATA,CONOX,Coramag Online SRL,Corfils,Cubis Shop,DANIR PREST,depozitulcubaterii,Di Ce,DISTRICT GSM,Dragtek com,Dwyn Shop,e-SmartMall,E-Style Online,East Com,Echoose,Edman,Electro Supermax,Electroland,ELECTROSTORE,Elizabeth Shine Brand Outlet Store,Els Fashion,EMA GLOBO ONE DISTRIBUTION,eMAG,Embe Tech FBE,ESHOP SALES,eshopa,ETOC,EURO GIFTS,Euroelectronics,Euroelectronics_eu,evoMAG,Fabmag Social Media,Fan GSM,Fengshen,FINE ART STREET 14,FIXED,Flanco,Fonix Gsm,ForIT,Full Protect Gsm,G-Tech Power System,Gaba Alega Distribution,GENERAL PROMO,Genta
Ggshop,Gimex Solutions,Go Global di Alessi Mattia,Go2shop,Gogou,Gohub Shop,GRAAAJ,GrupaZero,GSM Arena,GSMfit,H-Port,HARA INTERNATIONAL SRL,HIPOO,Home Screen,Hrm Sinda 2016,HTPMAG,Huntivity,iCover,Ideas4comfort,ifuture,ILEX COM,Industrial Store,Inex Casa,Inf Company,InfoTouch Systems,Inter-Line Company,Inventii Electronice,ISCOOT TECHNOLOGY,iStreet RO,IT Avantaj Concept,iTelMobile,Just Brands,Kaufentag Trade,KMB KAMIL BAJ,KMP PRINT TECHNIK,KOLL SMART TRADING,Krasscom,Lamp Shop,LEADShop,LeatherDesign,Lerato Mobile,LEVIATAN-POLIGRAFIA SP. Z O.O.,Libardi Gino,LIGHT EBAY TRADE,LM-International Europa,MAC GSM ALL,MadHawk,Maelove,Majstra,MALLBG COM LTD
Mando,Marex,MARKBEK BUSINESS,Market24,Marketbox Distribution,Mediamart,MELAROX,Mercaton Store,MicroZece,MIHANCEA GEORGIANA ANDREEA I.I.,MIKRO ATLAS,Minimalist Store,MIRCIOGU SHOP SRL,Mivatec Industry,Mobi Store,Mobilab Creations,Mobile Express Communication,Mobile Mag,Mobilepro,Mobino,Modsig,Monos Technology B,MorFansi I,Multishopping,NaszeDzieci,NAVIGATORUL COM,NEI,NELBO,NEXT ONE,Nicestore,NONSTOPSRaCOK,NTEC,Objects We Love,Octi Micro Tools,OEMFashion,Office Human,Olali,On-Line Market Campus,One Gsm Solution,Oneid,Online Shop Intense,Optim Solution,ORIG-SHOP,Origin and Natural FBE,OutletSea,Outpost Business,Ovolt Logistics,PACshop,Pairno,Pam Import Export
Panalpina,Paper Art,Paramount E-commerce,PCfrog,PCZone Online Distributie,Phone Guard,Playsmart,PolisElectro,Power Connect,PRIME ADVERTISING,Pro Invest Vnl,PROLOGIMA GROUP S.R.O.,Quick SS,Rahely Stories,Raileanu Consulting,Rapdael,RED Mobile,RepairGuru,Replay Gsm,RESTORE IT,RexDigital,Riofounder,Romsmart,Ruand Power Solutions,Rush Trading,Safesales,SafeShop,SamsungMobileStore,Seta Outlet,SHIPBAY DOMINIK KOZłOWSKI,Sierra Gsm International,SILKASE,Sima Igloo International,SMART MOBILE WORLD,SMART VOLT SRL,Smart Wear,Soho Mobile,Solidparts Dominik Myszk,Soumixpro,Stechi,Swiss America Xin,Tabara Telecom,Talk Smart,Tatu,TAVARES,Tbs Xpert Consulting,Team Pro Sports,TECH 4 PEOPLE SRL,Techaway,TECLA EXIM
TELEMIX,Telgo Rbcs For Gsm,The Couch Media Group,The iStore,ThikiShop,Thinq,Tokgalaxis,Topweb Cardiag,TRANS-COMP 3000,Transilvaniamag,TRUEGSM SUD,Twistly,UniqIT System,Univertel,Uppercase,UZBO,VALI Computers Ltd,Vape Nation,VEXIO,Victor Optimus,Viking Tools,Vincetek Solutions,Vindali,Vitacom Electronics,Vlamir Impex,VTAMobile,WANNDER,warsztat medialny,Waterfly Direct,West Market Import,WorldComm,Xinjimei,Yi Ran,Youmatter,Yuboo,Z-ONE
